Check,Date,HomeTeam,AwayTeam,FTHG,FTAG,FTR,HTGS,ATGS,HTGC,ATGC,HTP,ATP,HM1,HM2,HM3,HM4,HM5,AM1,AM2,AM3,AM4,AM5,HTLP,ATLP,MW,HTFPS,ATFPS,HTFP,ATFP,HTWS3,HTWS5,HTLS3,HTLS5,ATWS3,ATWS5,ATLS3,ATLS5,HTGD,ATGD,DP,DFP,DLP
True,2021-08-13,Brentford,Arsenal,2,0,H,0,0,0,0,0,0,N,N,N,N,N,N,N,N,N,N,20,5,1,NNNNN,NNNNN,0,0,0,0,0,0,0,0,0,0,0,0,0,0,15
True,2021-08-14,Man United,Leeds,5,1,H,0,0,0,0,0,0,N,N,N,N,N,N,N,N,N,N,6,20,1,NNNNN,NNNNN,0,0,0,0,0,0,0,0,0,0,0,0,0,0,-14
True,2021-08-14,Burnley,Brighton,1,2,A,0,0,0,0,0,0,N,N,N,N,N,N,N,N,N,N,16,20,1,NNNNN,NNNNN,0,0,0,0,0,0,0,0,0,0,0,0,0,0,-4
True,2021-08-14,Chelsea,Crystal Palace,3,0,H,0,0,0,0,0,0,N,N,N,N,N,N,N,N,N,N,1,14,1,NNNNN,NNNNN,0,0,0,0,0,0,0,0,0,0,0,0,0,0,-13
True,2021-08-14,Everton,Southampton,3,1,H,0,0,0,0,0,0,N,N,N,N,N,N,N,N,N,N,7,8,1,NNNNN,NNNNN,0,0,0,0,0,0,0,0,0,0,0,0,0,0,-1
True,2021-08-14,Leicester,Wolves,1,0,H,0,0,0,0,0,0,N,N,N,N,N,N,N,N,N,N,12,20,1,NNNNN,NNNNN,0,0,0,0,0,0,0,0,0,0,0,0,0,0,-8
True,2021-08-14,Watford,Aston Villa,3,2,H,0,0,0,0,0,0,N,N,N,N,N,N,N,N,N,N,17,20,1,NNNNN,NNNNN,0,0,0,0,0,0,0,0,0,0,0,0,0,0,-3
True,2021-08-14,Norwich,Liverpool,0,3,A,0,0,0,0,0,0,N,N,N,N,N,N,N,N,N,N,20,4,1,NNNNN,NNNNN,0,0,0,0,0,0,0,0,0,0,0,0,0,0,16
True,2021-08-15,Newcastle,West Ham,2,4,A,0,0,0,0,0,0,N,N,N,N,N,N,N,N,N,N,20,11,1,NNNNN,NNNNN,0,0,0,0,0,0,0,0,0,0,0,0,0,0,9
True,2021-08-15,Tottenham,Man City,1,0,H,0,0,0,0,0,0,N,N,N,N,N,N,N,N,N,N,2,3,1,NNNNN,NNNNN,0,0,0,0,0,0,0,0,0,0,0,0,0,0,-1
False,2021-08-21,Liverpool,Burnley,0,0,D,3,1,0,2,3,0,W,N,N,N,N,L,N,N,N,N,4,16,2,WNNNN,LNNNN,3,0,0,0,0,0,0,0,0,0,3,-1,3,3,-12
False,2021-08-21,Aston Villa,Newcastle,0,0,D,2,2,3,4,0,0,L,N,N,N,N,L,N,N,N,N,20,20,2,LNNNN,LNNNN,0,0,0,0,0,0,0,0,0,0,-1,-2,0,0,0
False,2021-08-21,Crystal Palace,Brentford,0,0,D,0,2,3,0,0,3,L,N,N,N,N,W,N,N,N,N,14,20,2,LNNNN,WNNNN,0,3,0,0,0,0,0,0,0,0,-3,2,-3,-3,-6
False,2021-08-21,Leeds,Everton,0,0,D,1,3,5,1,0,3,L,N,N,N,N,W,N,N,N,N,20,7,2,LNNNN,WNNNN,0,3,0,0,0,0,0,0,0,0,-4,2,-3,-3,13
False,2021-08-21,Man City,Norwich,0,0,D,0,0,1,3,0,0,L,N,N,N,N,L,N,N,N,N,3,20,2,LNNNN,LNNNN,0,0,0,0,0,0,0,0,0,0,-1,-3,0,0,-17
False,2021-08-21,Brighton,Watford,0,0,D,2,3,1,2,3,3,W,N,N,N,N,W,N,N,N,N,20,17,2,WNNNN,WNNNN,3,3,0,0,0,0,0,0,0,0,1,1,0,0,3
False,2021-08-22,Southampton,Man United,0,0,D,1,5,3,1,0,3,L,N,N,N,N,W,N,N,N,N,8,6,2,LNNNN,WNNNN,0,3,0,0,0,0,0,0,0,0,-2,4,-3,-3,2
False,2021-08-22,Wolves,Tottenham,0,0,D,0,1,1,0,0,3,L,N,N,N,N,W,N,N,N,N,20,2,2,LNNNN,WNNNN,0,3,0,0,0,0,0,0,0,0,-1,1,-3,-3,18
False,2021-08-22,Arsenal,Chelsea,0,0,D,0,3,2,0,0,3,L,N,N,N,N,W,N,N,N,N,5,1,2,LNNNN,WNNNN,0,3,0,0,0,0,0,0,0,0,-2,3,-3,-3,4
False,2021-08-23,West Ham,Leicester,0,0,D,4,1,2,0,3,3,W,N,N,N,N,W,N,N,N,N,11,12,2,WNNNN,WNNNN,3,3,0,0,0,0,0,0,0,0,2,1,0,0,-1
False,2021-08-28,Man City,Arsenal,0,0,D,0,0,1,2,1,1,D,L,N,N,N,D,L,N,N,N,3,5,3,DLNNN,DLNNN,1,1,0,0,0,0,0,0,0,0,-1,-2,0,0,-2
False,2021-08-28,Aston Villa,Brentford,0,0,D,2,2,3,0,1,4,D,L,N,N,N,D,W,N,N,N,20,20,3,DLNNN,DWNNN,1,4,0,0,0,0,0,0,0,0,-1,2,-3,-3,0
False,2021-08-28,Brighton,Everton,0,0,D,2,3,1,1,4,4,D,W,N,N,N,D,W,N,N,N,20,7,3,DWNNN,DWNNN,4,4,0,0,0,0,0,0,0,0,1,2,0,0,13
False,2021-08-28,Newcastle,Southampton,0,0,D,2,1,4,3,1,1,D,L,N,N,N,D,L,N,N,N,20,8,3,DLNNN,DLNNN,1,1,0,0,0,0,0,0,0,0,-2,-2,0,0,12
False,2021-08-28,Norwich,Leicester,0,0,D,0,1,3,0,1,4,D,L,N,N,N,D,W,N,N,N,20,12,3,DLNNN,DWNNN,1,4,0,0,0,0,0,0,0,0,-3,1,-3,-3,8
False,2021-08-28,West Ham,Crystal Palace,0,0,D,4,0,2,3,4,1,D,W,N,N,N,D,L,N,N,N,11,14,3,DWNNN,DLNNN,4,1,0,0,0,0,0,0,0,0,2,-3,3,3,-3
False,2021-08-28,Liverpool,Chelsea,0,0,D,3,3,0,0,4,4,D,W,N,N,N,D,W,N,N,N,4,1,3,DWNNN,DWNNN,4,4,0,0,0,0,0,0,0,0,3,3,0,0,3
False,2021-08-29,Burnley,Leeds,0,0,D,1,1,2,5,1,1,D,L,N,N,N,D,L,N,N,N,16,20,3,DLNNN,DLNNN,1,1,0,0,0,0,0,0,0,0,-1,-4,0,0,-4
False,2021-08-29,Tottenham,Watford,0,0,D,1,3,0,2,4,4,D,W,N,N,N,D,W,N,N,N,2,17,3,DWNNN,DWNNN,4,4,0,0,0,0,0,0,0,0,1,1,0,0,-15
False,2021-08-29,Wolves,Man United,0,0,D,0,5,1,1,1,4,D,L,N,N,N,D,W,N,N,N,20,6,3,DLNNN,DWNNN,1,4,0,0,0,0,0,0,0,0,-1,4,-3,-3,14
False,2021-09-11,Crystal Palace,Tottenham,0,0,D,0,1,3,0,2,5,D,D,L,N,N,D,D,W,N,N,14,2,4,DDLNN,DDWNN,2,5,0,0,0,0,0,0,0,0,-3,1,-3,-3,12
False,2021-09-11,Arsenal,Norwich,0,0,D,0,0,2,3,2,2,D,D,L,N,N,D,D,L,N,N,5,20,4,DDLNN,DDLNN,2,2,0,0,0,0,0,0,0,0,-2,-3,0,0,-15
False,2021-09-11,Brentford,Brighton,0,0,D,2,2,0,1,5,5,D,D,W,N,N,D,D,W,N,N,20,20,4,DDWNN,DDWNN,5,5,0,0,0,0,0,0,0,0,2,1,0,0,0
False,2021-09-11,Leicester,Man City,0,0,D,1,0,0,1,5,2,D,D,W,N,N,D,D,L,N,N,12,3,4,DDWNN,DDLNN,5,2,0,0,0,0,0,0,0,0,1,-1,3,3,9
False,2021-09-11,Man United,Newcastle,0,0,D,5,2,1,4,5,2,D,D,W,N,N,D,D,L,N,N,6,20,4,DDWNN,DDLNN,5,2,0,0,0,0,0,0,0,0,4,-2,3,3,-14
False,2021-09-11,Southampton,West Ham,0,0,D,1,4,3,2,2,5,D,D,L,N,N,D,D,W,N,N,8,11,4,DDLNN,DDWNN,2,5,0,0,0,0,0,0,0,0,-2,2,-3,-3,-3
False,2021-09-11,Watford,Wolves,0,0,D,3,0,2,1,5,2,D,D,W,N,N,D,D,L,N,N,17,20,4,DDWNN,DDLNN,5,2,0,0,0,0,0,0,0,0,1,-1,3,3,-3
False,2021-09-11,Chelsea,Aston Villa,0,0,D,3,2,0,3,5,2,D,D,W,N,N,D,D,L,N,N,1,20,4,DDWNN,DDLNN,5,2,0,0,0,0,0,0,0,0,3,-1,3,3,-19
False,2021-09-12,Leeds,Liverpool,0,0,D,1,3,5,0,2,5,D,D,L,N,N,D,D,W,N,N,20,4,4,DDLNN,DDWNN,2,5,0,0,0,0,0,0,0,0,-4,3,-3,-3,16
False,2021-09-13,Everton,Burnley,0,0,D,3,1,1,2,5,2,D,D,W,N,N,D,D,L,N,N,7,16,4,DDWNN,DDLNN,5,2,0,0,0,0,0,0,0,0,2,-1,3,3,-9
False,2021-09-17,Newcastle,Leeds,0,0,D,2,1,4,5,3,3,D,D,D,L,N,D,D,D,L,N,20,20,5,DDDLN,DDDLN,3,3,0,0,0,0,0,0,0,0,-2,-4,0,0,0
False,2021-09-18,Wolves,Brentford,0,0,D,0,2,1,0,3,6,D,D,D,L,N,D,D,D,W,N,20,20,5,DDDLN,DDDWN,3,6,0,0,0,0,0,0,0,0,-1,2,-3,-3,0
False,2021-09-18,Burnley,Arsenal,0,0,D,1,0,2,2,3,3,D,D,D,L,N,D,D,D,L,N,16,5,5,DDDLN,DDDLN,3,3,0,0,0,0,0,0,0,0,-1,-2,0,0,11
False,2021-09-18,Liverpool,Crystal Palace,0,0,D,3,0,0,3,6,3,D,D,D,W,N,D,D,D,L,N,4,14,5,DDDWN,DDDLN,6,3,0,0,0,0,0,0,0,0,3,-3,3,3,-10
False,2021-09-18,Man City,Southampton,0,0,D,0,1,1,3,3,3,D,D,D,L,N,D,D,D,L,N,3,8,5,DDDLN,DDDLN,3,3,0,0,0,0,0,0,0,0,-1,-2,0,0,-5
False,2021-09-18,Norwich,Watford,0,0,D,0,3,3,2,3,6,D,D,D,L,N,D,D,D,W,N,20,17,5,DDDLN,DDDWN,3,6,0,0,0,0,0,0,0,0,-3,1,-3,-3,3
False,2021-09-18,Aston Villa,Everton,0,0,D,2,3,3,1,3,6,D,D,D,L,N,D,D,D,W,N,20,7,5,DDDLN,DDDWN,3,6,0,0,0,0,0,0,0,0,-1,2,-3,-3,13
False,2021-09-19,Brighton,Leicester,0,0,D,2,1,1,0,6,6,D,D,D,W,N,D,D,D,W,N,20,12,5,DDDWN,DDDWN,6,6,0,0,0,0,0,0,0,0,1,1,0,0,8
False,2021-09-19,West Ham,Man United,0,0,D,4,5,2,1,6,6,D,D,D,W,N,D,D,D,W,N,11,6,5,DDDWN,DDDWN,6,6,0,0,0,0,0,0,0,0,2,4,0,0,5
False,2021-09-19,Tottenham,Chelsea,0,0,D,1,3,0,0,6,6,D,D,D,W,N,D,D,D,W,N,2,1,5,DDDWN,DDDWN,6,6,0,0,0,0,0,0,0,0,1,3,0,0,1
False,2021-09-25,Chelsea,Man City,0,0,D,3,0,0,1,7,4,D,D,D,D,W,D,D,D,D,L,1,3,6,DDDDW,DDDDL,7,4,0,0,0,0,0,0,0,0,3,-1,3,3,-2
False,2021-09-25,Everton,Norwich,0,0,D,3,0,1,3,7,4,D,D,D,D,W,D,D,D,D,L,7,20,6,DDDDW,DDDDL,7,4,0,0,0,0,0,0,0,0,2,-3,3,3,-13
False,2021-09-25,Leeds,West Ham,0,0,D,1,4,5,2,4,7,D,D,D,D,L,D,D,D,D,W,20,11,6,DDDDL,DDDDW,4,7,0,0,0,0,0,0,0,0,-4,2,-3,-3,9
False,2021-09-25,Leicester,Burnley,0,0,D,1,1,0,2,7,4,D,D,D,D,W,D,D,D,D,L,12,16,6,DDDDW,DDDDL,7,4,0,0,0,0,0,0,0,0,1,-1,3,3,-4
False,2021-09-25,Man United,Aston Villa,0,0,D,5,2,1,3,7,4,D,D,D,D,W,D,D,D,D,L,6,20,6,DDDDW,DDDDL,7,4,0,0,0,0,0,0,0,0,4,-1,3,3,-14
False,2021-09-25,Watford,Newcastle,0,0,D,3,2,2,4,7,4,D,D,D,D,W,D,D,D,D,L,17,20,6,DDDDW,DDDDL,7,4,0,0,0,0,0,0,0,0,1,-2,3,3,-3
False,2021-09-25,Brentford,Liverpool,0,0,D,2,3,0,0,7,7,D,D,D,D,W,D,D,D,D,W,20,4,6,DDDDW,DDDDW,7,7,0,0,0,0,0,0,0,0,2,3,0,0,16
False,2021-09-26,Southampton,Wolves,0,0,D,1,0,3,1,4,4,D,D,D,D,L,D,D,D,D,L,8,20,6,DDDDL,DDDDL,4,4,0,0,0,0,0,0,0,0,-2,-1,0,0,-12
False,2021-09-26,Arsenal,Tottenham,0,0,D,0,1,2,0,4,7,D,D,D,D,L,D,D,D,D,W,5,2,6,DDDDL,DDDDW,4,7,0,0,0,0,0,0,0,0,-2,1,-3,-3,3
False,2021-09-27,Crystal Palace,Brighton,0,0,D,0,2,3,1,4,7,D,D,D,D,L,D,D,D,D,W,14,20,6,DDDDL,DDDDW,4,7,0,0,0,0,0,0,0,0,-3,1,-3,-3,-6
False,2021-10-02,Man United,Everton,0,0,D,5,3,1,1,8,8,D,D,D,D,D,D,D,D,D,D,6,7,7,DDDDD,DDDDD,5,5,0,0,0,0,0,0,0,0,4,2,0,0,-1
False,2021-10-02,Burnley,Norwich,0,0,D,1,0,2,3,5,5,D,D,D,D,D,D,D,D,D,D,16,20,7,DDDDD,DDDDD,5,5,0,0,0,0,0,0,0,0,-1,-3,0,0,-4
False,2021-10-02,Chelsea,Southampton,0,0,D,3,1,0,3,8,5,D,D,D,D,D,D,D,D,D,D,1,8,7,DDDDD,DDDDD,5,5,0,0,0,0,0,0,0,0,3,-2,3,0,-7
False,2021-10-02,Leeds,Watford,0,0,D,1,3,5,2,5,8,D,D,D,D,D,D,D,D,D,D,20,17,7,DDDDD,DDDDD,5,5,0,0,0,0,0,0,0,0,-4,1,-3,0,3
False,2021-10-02,Tottenham,Aston Villa,0,0,D,1,2,0,3,8,5,D,D,D,D,D,D,D,D,D,D,2,20,7,DDDDD,DDDDD,5,5,0,0,0,0,0,0,0,0,1,-1,3,0,-18
False,2021-10-02,Wolves,Newcastle,0,0,D,0,2,1,4,5,5,D,D,D,D,D,D,D,D,D,D,20,20,7,DDDDD,DDDDD,5,5,0,0,0,0,0,0,0,0,-1,-2,0,0,0
False,2021-10-02,Brighton,Arsenal,0,0,D,2,0,1,2,8,5,D,D,D,D,D,D,D,D,D,D,20,5,7,DDDDD,DDDDD,5,5,0,0,0,0,0,0,0,0,1,-2,3,0,15
False,2021-10-03,Crystal Palace,Leicester,0,0,D,0,1,3,0,5,8,D,D,D,D,D,D,D,D,D,D,14,12,7,DDDDD,DDDDD,5,5,0,0,0,0,0,0,0,0,-3,1,-3,0,2
False,2021-10-03,West Ham,Brentford,0,0,D,4,2,2,0,8,8,D,D,D,D,D,D,D,D,D,D,11,20,7,DDDDD,DDDDD,5,5,0,0,0,0,0,0,0,0,2,2,0,0,-9
False,2021-10-03,Liverpool,Man City,0,0,D,3,0,0,1,8,5,D,D,D,D,D,D,D,D,D,D,4,3,7,DDDDD,DDDDD,5,5,0,0,0,0,0,0,0,0,3,-1,3,0,1
False,2021-10-16,Watford,Liverpool,0,0,D,3,3,2,0,9,9,D,D,D,D,D,D,D,D,D,D,17,4,8,DDDDD,DDDDD,5,5,0,0,0,0,0,0,0,0,1,3,0,0,13
False,2021-10-16,Aston Villa,Wolves,0,0,D,2,0,3,1,6,6,D,D,D,D,D,D,D,D,D,D,20,20,8,DDDDD,DDDDD,5,5,0,0,0,0,0,0,0,0,-1,-1,0,0,0
False,2021-10-16,Leicester,Man United,0,0,D,1,5,0,1,9,9,D,D,D,D,D,D,D,D,D,D,12,6,8,DDDDD,DDDDD,5,5,0,0,0,0,0,0,0,0,1,4,0,0,6
False,2021-10-16,Man City,Burnley,0,0,D,0,1,1,2,6,6,D,D,D,D,D,D,D,D,D,D,3,16,8,DDDDD,DDDDD,5,5,0,0,0,0,0,0,0,0,-1,-1,0,0,-13
False,2021-10-16,Norwich,Brighton,0,0,D,0,2,3,1,6,9,D,D,D,D,D,D,D,D,D,D,20,20,8,DDDDD,DDDDD,5,5,0,0,0,0,0,0,0,0,-3,1,-3,0,0
False,2021-10-16,Southampton,Leeds,0,0,D,1,1,3,5,6,6,D,D,D,D,D,D,D,D,D,D,8,20,8,DDDDD,DDDDD,5,5,0,0,0,0,0,0,0,0,-2,-4,0,0,-12
False,2021-10-16,Brentford,Chelsea,0,0,D,2,3,0,0,9,9,D,D,D,D,D,D,D,D,D,D,20,1,8,DDDDD,DDDDD,5,5,0,0,0,0,0,0,0,0,2,3,0,0,19
False,2021-10-17,Everton,West Ham,0,0,D,3,4,1,2,9,9,D,D,D,D,D,D,D,D,D,D,7,11,8,DDDDD,DDDDD,5,5,0,0,0,0,0,0,0,0,2,2,0,0,-4
False,2021-10-17,Newcastle,Tottenham,0,0,D,2,1,4,0,6,9,D,D,D,D,D,D,D,D,D,D,20,2,8,DDDDD,DDDDD,5,5,0,0,0,0,0,0,0,0,-2,1,-3,0,18
False,2021-10-18,Arsenal,Crystal Palace,0,0,D,0,0,2,3,6,6,D,D,D,D,D,D,D,D,D,D,5,14,8,DDDDD,DDDDD,5,5,0,0,0,0,0,0,0,0,-2,-3,0,0,-9
False,2021-10-22,Arsenal,Aston Villa,0,0,D,0,2,2,3,7,7,D,D,D,D,D,D,D,D,D,D,5,20,9,DDDDD,DDDDD,5,5,0,0,0,0,0,0,0,0,-2,-1,0,0,-15
False,2021-10-23,Chelsea,Norwich,0,0,D,3,0,0,3,10,7,D,D,D,D,D,D,D,D,D,D,1,20,9,DDDDD,DDDDD,5,5,0,0,0,0,0,0,0,0,3,-3,3,0,-19
False,2021-10-23,Crystal Palace,Newcastle,0,0,D,0,2,3,4,7,7,D,D,D,D,D,D,D,D,D,D,14,20,9,DDDDD,DDDDD,5,5,0,0,0,0,0,0,0,0,-3,-2,0,0,-6
False,2021-10-23,Everton,Watford,0,0,D,3,3,1,2,10,10,D,D,D,D,D,D,D,D,D,D,7,17,9,DDDDD,DDDDD,5,5,0,0,0,0,0,0,0,0,2,1,0,0,-10
False,2021-10-23,Leeds,Wolves,0,0,D,1,0,5,1,7,7,D,D,D,D,D,D,D,D,D,D,20,20,9,DDDDD,DDDDD,5,5,0,0,0,0,0,0,0,0,-4,-1,0,0,0
False,2021-10-23,Southampton,Burnley,0,0,D,1,1,3,2,7,7,D,D,D,D,D,D,D,D,D,D,8,16,9,DDDDD,DDDDD,5,5,0,0,0,0,0,0,0,0,-2,-1,0,0,-8
False,2021-10-23,Brighton,Man City,0,0,D,2,0,1,1,10,7,D,D,D,D,D,D,D,D,D,D,20,3,9,DDDDD,DDDDD,5,5,0,0,0,0,0,0,0,0,1,-1,3,0,17
False,2021-10-24,Brentford,Leicester,0,0,D,2,1,0,0,10,10,D,D,D,D,D,D,D,D,D,D,20,12,9,DDDDD,DDDDD,5,5,0,0,0,0,0,0,0,0,2,1,0,0,8
False,2021-10-24,West Ham,Tottenham,0,0,D,4,1,2,0,10,10,D,D,D,D,D,D,D,D,D,D,11,2,9,DDDDD,DDDDD,5,5,0,0,0,0,0,0,0,0,2,1,0,0,9
False,2021-10-24,Man United,Liverpool,0,0,D,5,3,1,0,10,10,D,D,D,D,D,D,D,D,D,D,6,4,9,DDDDD,DDDDD,5,5,0,0,0,0,0,0,0,0,4,3,0,0,2
False,2021-10-30,Leicester,Arsenal,0,0,D,1,0,0,2,11,8,D,D,D,D,D,D,D,D,D,D,12,5,10,DDDDD,DDDDD,5,5,0,0,0,0,0,0,0,0,1,-2,3,0,7
False,2021-10-30,Burnley,Brentford,0,0,D,1,2,2,0,8,11,D,D,D,D,D,D,D,D,D,D,16,20,10,DDDDD,DDDDD,5,5,0,0,0,0,0,0,0,0,-1,2,-3,0,-4
False,2021-10-30,Liverpool,Brighton,0,0,D,3,2,0,1,11,11,D,D,D,D,D,D,D,D,D,D,4,20,10,DDDDD,DDDDD,5,5,0,0,0,0,0,0,0,0,3,1,0,0,-16
False,2021-10-30,Man City,Crystal Palace,0,0,D,0,0,1,3,8,8,D,D,D,D,D,D,D,D,D,D,3,14,10,DDDDD,DDDDD,5,5,0,0,0,0,0,0,0,0,-1,-3,0,0,-11
False,2021-10-30,Newcastle,Chelsea,0,0,D,2,3,4,0,8,11,D,D,D,D,D,D,D,D,D,D,20,1,10,DDDDD,DDDDD,5,5,0,0,0,0,0,0,0,0,-2,3,-3,0,19
False,2021-10-30,Watford,Southampton,0,0,D,3,1,2,3,11,8,D,D,D,D,D,D,D,D,D,D,17,8,10,DDDDD,DDDDD,5,5,0,0,0,0,0,0,0,0,1,-2,3,0,9
False,2021-10-30,Tottenham,Man United,0,0,D,1,5,0,1,11,11,D,D,D,D,D,D,D,D,D,D,2,6,10,DDDDD,DDDDD,5,5,0,0,0,0,0,0,0,0,1,4,0,0,-4
False,2021-10-31,Norwich,Leeds,0,0,D,0,1,3,5,8,8,D,D,D,D,D,D,D,D,D,D,20,20,10,DDDDD,DDDDD,5,5,0,0,0,0,0,0,0,0,-3,-4,0,0,0
False,2021-10-31,Aston Villa,West Ham,0,0,D,2,4,3,2,8,11,D,D,D,D,D,D,D,D,D,D,20,11,10,DDDDD,DDDDD,5,5,0,0,0,0,0,0,0,0,-1,2,-3,0,9
False,2021-11-01,Wolves,Everton,0,0,D,0,3,1,1,8,11,D,D,D,D,D,D,D,D,D,D,20,7,10,DDDDD,DDDDD,5,5,0,0,0,0,0,0,0,0,-1,2,-3,0,13
False,2021-11-06,Arsenal,Watford,0,0,D,0,3,2,2,9,12,D,D,D,D,D,D,D,D,D,D,5,17,11,DDDDD,DDDDD,5,5,0,0,0,0,0,0,0,0,-2,1,-3,0,-12
False,2021-11-06,Brentford,Norwich,0,0,D,2,0,0,3,12,9,D,D,D,D,D,D,D,D,D,D,20,20,11,DDDDD,DDDDD,5,5,0,0,0,0,0,0,0,0,2,-3,3,0,0
False,2021-11-06,Brighton,Newcastle,0,0,D,2,2,1,4,12,9,D,D,D,D,D,D,D,D,D,D,20,20,11,DDDDD,DDDDD,5,5,0,0,0,0,0,0,0,0,1,-2,3,0,0
False,2021-11-06,Chelsea,Burnley,0,0,D,3,1,0,2,12,9,D,D,D,D,D,D,D,D,D,D,1,16,11,DDDDD,DDDDD,5,5,0,0,0,0,0,0,0,0,3,-1,3,0,-15
False,2021-11-06,Crystal Palace,Wolves,0,0,D,0,0,3,1,9,9,D,D,D,D,D,D,D,D,D,D,14,20,11,DDDDD,DDDDD,5,5,0,0,0,0,0,0,0,0,-3,-1,0,0,-6
False,2021-11-06,Everton,Tottenham,0,0,D,3,1,1,0,12,12,D,D,D,D,D,D,D,D,D,D,7,2,11,DDDDD,DDDDD,5,5,0,0,0,0,0,0,0,0,2,1,0,0,5
False,2021-11-06,Leeds,Leicester,0,0,D,1,1,5,0,9,12,D,D,D,D,D,D,D,D,D,D,20,12,11,DDDDD,DDDDD,5,5,0,0,0,0,0,0,0,0,-4,1,-3,0,8
False,2021-11-06,Man United,Man City,0,0,D,5,0,1,1,12,9,D,D,D,D,D,D,D,D,D,D,6,3,11,DDDDD,DDDDD,5,5,0,0,0,0,0,0,0,0,4,-1,3,0,3
False,2021-11-06,Southampton,Aston Villa,0,0,D,1,2,3,3,9,9,D,D,D,D,D,D,D,D,D,D,8,20,11,DDDDD,DDDDD,5,5,0,0,0,0,0,0,0,0,-2,-1,0,0,-12
False,2021-11-06,West Ham,Liverpool,0,0,D,4,3,2,0,12,12,D,D,D,D,D,D,D,D,D,D,11,4,11,DDDDD,DDDDD,5,5,0,0,0,0,0,0,0,0,2,3,0,0,7
False,2021-11-20,Aston Villa,Brighton,0,0,D,2,2,3,1,10,13,D,D,D,D,D,D,D,D,D,D,20,20,12,DDDDD,DDDDD,5,5,0,0,0,0,0,0,0,0,-1,1,-3,0,0
False,2021-11-20,Burnley,Crystal Palace,0,0,D,1,0,2,3,10,10,D,D,D,D,D,D,D,D,D,D,16,14,12,DDDDD,DDDDD,5,5,0,0,0,0,0,0,0,0,-1,-3,0,0,2
False,2021-11-20,Leicester,Chelsea,0,0,D,1,3,0,0,13,13,D,D,D,D,D,D,D,D,D,D,12,1,12,DDDDD,DDDDD,5,5,0,0,0,0,0,0,0,0,1,3,0,0,11
False,2021-11-20,Liverpool,Arsenal,0,0,D,3,0,0,2,13,10,D,D,D,D,D,D,D,D,D,D,4,5,12,DDDDD,DDDDD,5,5,0,0,0,0,0,0,0,0,3,-2,3,0,-1
False,2021-11-20,Man City,Everton,0,0,D,0,3,1,1,10,13,D,D,D,D,D,D,D,D,D,D,3,7,12,DDDDD,DDDDD,5,5,0,0,0,0,0,0,0,0,-1,2,-3,0,-4
False,2021-11-20,Newcastle,Brentford,0,0,D,2,2,4,0,10,13,D,D,D,D,D,D,D,D,D,D,20,20,12,DDDDD,DDDDD,5,5,0,0,0,0,0,0,0,0,-2,2,-3,0,0
False,2021-11-20,Norwich,Southampton,0,0,D,0,1,3,3,10,10,D,D,D,D,D,D,D,D,D,D,20,8,12,DDDDD,DDDDD,5,5,0,0,0,0,0,0,0,0,-3,-2,0,0,12
False,2021-11-20,Tottenham,Leeds,0,0,D,1,1,0,5,13,10,D,D,D,D,D,D,D,D,D,D,2,20,12,DDDDD,DDDDD,5,5,0,0,0,0,0,0,0,0,1,-4,3,0,-18
False,2021-11-20,Watford,Man United,0,0,D,3,5,2,1,13,13,D,D,D,D,D,D,D,D,D,D,17,6,12,DDDDD,DDDDD,5,5,0,0,0,0,0,0,0,0,1,4,0,0,11
False,2021-11-20,Wolves,West Ham,0,0,D,0,4,1,2,10,13,D,D,D,D,D,D,D,D,D,D,20,11,12,DDDDD,DDDDD,5,5,0,0,0,0,0,0,0,0,-1,2,-3,0,9
False,2021-11-27,Arsenal,Newcastle,0,0,D,0,2,2,4,11,11,D,D,D,D,D,D,D,D,D,D,5,20,13,DDDDD,DDDDD,5,5,0,0,0,0,0,0,0,0,-2,-2,0,0,-15
False,2021-11-27,Brentford,Everton,0,0,D,2,3,0,1,14,14,D,D,D,D,D,D,D,D,D,D,20,7,13,DDDDD,DDDDD,5,5,0,0,0,0,0,0,0,0,2,2,0,0,13
False,2021-11-27,Brighton,Leeds,0,0,D,2,1,1,5,14,11,D,D,D,D,D,D,D,D,D,D,20,20,13,DDDDD,DDDDD,5,5,0,0,0,0,0,0,0,0,1,-4,3,0,0
False,2021-11-27,Burnley,Tottenham,0,0,D,1,1,2,0,11,14,D,D,D,D,D,D,D,D,D,D,16,2,13,DDDDD,DDDDD,5,5,0,0,0,0,0,0,0,0,-1,1,-3,0,14
False,2021-11-27,Chelsea,Man United,0,0,D,3,5,0,1,14,14,D,D,D,D,D,D,D,D,D,D,1,6,13,DDDDD,DDDDD,5,5,0,0,0,0,0,0,0,0,3,4,0,0,-5
False,2021-11-27,Crystal Palace,Aston Villa,0,0,D,0,2,3,3,11,11,D,D,D,D,D,D,D,D,D,D,14,20,13,DDDDD,DDDDD,5,5,0,0,0,0,0,0,0,0,-3,-1,0,0,-6
False,2021-11-27,Leicester,Watford,0,0,D,1,3,0,2,14,14,D,D,D,D,D,D,D,D,D,D,12,17,13,DDDDD,DDDDD,5,5,0,0,0,0,0,0,0,0,1,1,0,0,-5
False,2021-11-27,Liverpool,Southampton,0,0,D,3,1,0,3,14,11,D,D,D,D,D,D,D,D,D,D,4,8,13,DDDDD,DDDDD,5,5,0,0,0,0,0,0,0,0,3,-2,3,0,-4
False,2021-11-27,Man City,West Ham,0,0,D,0,4,1,2,11,14,D,D,D,D,D,D,D,D,D,D,3,11,13,DDDDD,DDDDD,5,5,0,0,0,0,0,0,0,0,-1,2,-3,0,-8
False,2021-11-27,Norwich,Wolves,0,0,D,0,0,3,1,11,11,D,D,D,D,D,D,D,D,D,D,20,20,13,DDDDD,DDDDD,5,5,0,0,0,0,0,0,0,0,-3,-1,0,0,0
False,2021-11-30,Aston Villa,Man City,0,0,D,2,0,3,1,12,12,D,D,D,D,D,D,D,D,D,D,20,3,14,DDDDD,DDDDD,5,5,0,0,0,0,0,0,0,0,-1,-1,0,0,17
False,2021-11-30,Everton,Liverpool,0,0,D,3,3,1,0,15,15,D,D,D,D,D,D,D,D,D,D,7,4,14,DDDDD,DDDDD,5,5,0,0,0,0,0,0,0,0,2,3,0,0,3
False,2021-11-30,Leeds,Crystal Palace,0,0,D,1,0,5,3,12,12,D,D,D,D,D,D,D,D,D,D,20,14,14,DDDDD,DDDDD,5,5,0,0,0,0,0,0,0,0,-4,-3,0,0,6
False,2021-11-30,Watford,Chelsea,0,0,D,3,3,2,0,15,15,D,D,D,D,D,D,D,D,D,D,17,1,14,DDDDD,DDDDD,5,5,0,0,0,0,0,0,0,0,1,3,0,0,16
False,2021-11-30,West Ham,Brighton,0,0,D,4,2,2,1,15,15,D,D,D,D,D,D,D,D,D,D,11,20,14,DDDDD,DDDDD,5,5,0,0,0,0,0,0,0,0,2,1,0,0,-9
False,2021-11-30,Wolves,Burnley,0,0,D,0,1,1,2,12,12,D,D,D,D,D,D,D,D,D,D,20,16,14,DDDDD,DDDDD,5,5,0,0,0,0,0,0,0,0,-1,-1,0,0,4
False,2021-11-30,Man United,Arsenal,0,0,D,5,0,1,2,15,12,D,D,D,D,D,D,D,D,D,D,6,5,14,DDDDD,DDDDD,5,5,0,0,0,0,0,0,0,0,4,-2,3,0,1
False,2021-12-01,Newcastle,Norwich,0,0,D,2,0,4,3,12,12,D,D,D,D,D,D,D,D,D,D,20,20,14,DDDDD,DDDDD,5,5,0,0,0,0,0,0,0,0,-2,-3,0,0,0
False,2021-12-01,Southampton,Leicester,0,0,D,1,1,3,0,12,15,D,D,D,D,D,D,D,D,D,D,8,12,14,DDDDD,DDDDD,5,5,0,0,0,0,0,0,0,0,-2,1,-3,0,-4
False,2021-12-01,Tottenham,Brentford,0,0,D,1,2,0,0,15,15,D,D,D,D,D,D,D,D,D,D,2,20,14,DDDDD,DDDDD,5,5,0,0,0,0,0,0,0,0,1,2,0,0,-18
False,2021-12-04,Aston Villa,Leicester,0,0,D,2,1,3,0,13,16,D,D,D,D,D,D,D,D,D,D,20,12,15,DDDDD,DDDDD,5,5,0,0,0,0,0,0,0,0,-1,1,-3,0,8
False,2021-12-04,Everton,Arsenal,0,0,D,3,0,1,2,16,13,D,D,D,D,D,D,D,D,D,D,7,5,15,DDDDD,DDDDD,5,5,0,0,0,0,0,0,0,0,2,-2,3,0,2
False,2021-12-04,Leeds,Brentford,0,0,D,1,2,5,0,13,16,D,D,D,D,D,D,D,D,D,D,20,20,15,DDDDD,DDDDD,5,5,0,0,0,0,0,0,0,0,-4,2,-3,0,0
False,2021-12-04,Man United,Crystal Palace,0,0,D,5,0,1,3,16,13,D,D,D,D,D,D,D,D,D,D,6,14,15,DDDDD,DDDDD,5,5,0,0,0,0,0,0,0,0,4,-3,3,0,-8
False,2021-12-04,Newcastle,Burnley,0,0,D,2,1,4,2,13,13,D,D,D,D,D,D,D,D,D,D,20,16,15,DDDDD,DDDDD,5,5,0,0,0,0,0,0,0,0,-2,-1,0,0,4
False,2021-12-04,Southampton,Brighton,0,0,D,1,2,3,1,13,16,D,D,D,D,D,D,D,D,D,D,8,20,15,DDDDD,DDDDD,5,5,0,0,0,0,0,0,0,0,-2,1,-3,0,-12
False,2021-12-04,Tottenham,Norwich,0,0,D,1,0,0,3,16,13,D,D,D,D,D,D,D,D,D,D,2,20,15,DDDDD,DDDDD,5,5,0,0,0,0,0,0,0,0,1,-3,3,0,-18
False,2021-12-04,Watford,Man City,0,0,D,3,0,2,1,16,13,D,D,D,D,D,D,D,D,D,D,17,3,15,DDDDD,DDDDD,5,5,0,0,0,0,0,0,0,0,1,-1,3,0,14
False,2021-12-04,West Ham,Chelsea,0,0,D,4,3,2,0,16,16,D,D,D,D,D,D,D,D,D,D,11,1,15,DDDDD,DDDDD,5,5,0,0,0,0,0,0,0,0,2,3,0,0,10
False,2021-12-04,Wolves,Liverpool,0,0,D,0,3,1,0,13,16,D,D,D,D,D,D,D,D,D,D,20,4,15,DDDDD,DDDDD,5,5,0,0,0,0,0,0,0,0,-1,3,-3,0,16
False,2021-12-11,Arsenal,Southampton,0,0,D,0,1,2,3,14,14,D,D,D,D,D,D,D,D,D,D,5,8,16,DDDDD,DDDDD,5,5,0,0,0,0,0,0,0,0,-2,-2,0,0,-3
False,2021-12-11,Brentford,Watford,0,0,D,2,3,0,2,17,17,D,D,D,D,D,D,D,D,D,D,20,17,16,DDDDD,DDDDD,5,5,0,0,0,0,0,0,0,0,2,1,0,0,3
False,2021-12-11,Brighton,Tottenham,0,0,D,2,1,1,0,17,17,D,D,D,D,D,D,D,D,D,D,20,2,16,DDDDD,DDDDD,5,5,0,0,0,0,0,0,0,0,1,1,0,0,18
False,2021-12-11,Burnley,West Ham,0,0,D,1,4,2,2,14,17,D,D,D,D,D,D,D,D,D,D,16,11,16,DDDDD,DDDDD,5,5,0,0,0,0,0,0,0,0,-1,2,-3,0,5
False,2021-12-11,Chelsea,Leeds,0,0,D,3,1,0,5,17,14,D,D,D,D,D,D,D,D,D,D,1,20,16,DDDDD,DDDDD,5,5,0,0,0,0,0,0,0,0,3,-4,3,0,-19
False,2021-12-11,Crystal Palace,Everton,0,0,D,0,3,3,1,14,17,D,D,D,D,D,D,D,D,D,D,14,7,16,DDDDD,DDDDD,5,5,0,0,0,0,0,0,0,0,-3,2,-3,0,7
False,2021-12-11,Leicester,Newcastle,0,0,D,1,2,0,4,17,14,D,D,D,D,D,D,D,D,D,D,12,20,16,DDDDD,DDDDD,5,5,0,0,0,0,0,0,0,0,1,-2,3,0,-8
False,2021-12-11,Liverpool,Aston Villa,0,0,D,3,2,0,3,17,14,D,D,D,D,D,D,D,D,D,D,4,20,16,DDDDD,DDDDD,5,5,0,0,0,0,0,0,0,0,3,-1,3,0,-16
False,2021-12-11,Man City,Wolves,0,0,D,0,0,1,1,14,14,D,D,D,D,D,D,D,D,D,D,3,20,16,DDDDD,DDDDD,5,5,0,0,0,0,0,0,0,0,-1,-1,0,0,-17
False,2021-12-11,Norwich,Man United,0,0,D,0,5,3,1,14,17,D,D,D,D,D,D,D,D,D,D,20,6,16,DDDDD,DDDDD,5,5,0,0,0,0,0,0,0,0,-3,4,-3,0,14
False,2021-12-14,Arsenal,West Ham,0,0,D,0,4,2,2,15,18,D,D,D,D,D,D,D,D,D,D,5,11,17,DDDDD,DDDDD,5,5,0,0,0,0,0,0,0,0,-2,2,-3,0,-6
False,2021-12-14,Brentford,Man United,0,0,D,2,5,0,1,18,18,D,D,D,D,D,D,D,D,D,D,20,6,17,DDDDD,DDDDD,5,5,0,0,0,0,0,0,0,0,2,4,0,0,14
False,2021-12-14,Brighton,Wolves,0,0,D,2,0,1,1,18,15,D,D,D,D,D,D,D,D,D,D,20,20,17,DDDDD,DDDDD,5,5,0,0,0,0,0,0,0,0,1,-1,3,0,0
False,2021-12-14,Burnley,Watford,0,0,D,1,3,2,2,15,18,D,D,D,D,D,D,D,D,D,D,16,17,17,DDDDD,DDDDD,5,5,0,0,0,0,0,0,0,0,-1,1,-3,0,-1
False,2021-12-14,Leicester,Tottenham,0,0,D,1,1,0,0,18,18,D,D,D,D,D,D,D,D,D,D,12,2,17,DDDDD,DDDDD,5,5,0,0,0,0,0,0,0,0,1,1,0,0,10
False,2021-12-14,Norwich,Aston Villa,0,0,D,0,2,3,3,15,15,D,D,D,D,D,D,D,D,D,D,20,20,17,DDDDD,DDDDD,5,5,0,0,0,0,0,0,0,0,-3,-1,0,0,0
False,2021-12-14,Crystal Palace,Southampton,0,0,D,0,1,3,3,15,15,D,D,D,D,D,D,D,D,D,D,14,8,17,DDDDD,DDDDD,5,5,0,0,0,0,0,0,0,0,-3,-2,0,0,6
False,2021-12-15,Chelsea,Everton,0,0,D,3,3,0,1,18,18,D,D,D,D,D,D,D,D,D,D,1,7,17,DDDDD,DDDDD,5,5,0,0,0,0,0,0,0,0,3,2,0,0,-6
False,2021-12-15,Liverpool,Newcastle,0,0,D,3,2,0,4,18,15,D,D,D,D,D,D,D,D,D,D,4,20,17,DDDDD,DDDDD,5,5,0,0,0,0,0,0,0,0,3,-2,3,0,-16
False,2021-12-15,Man City,Leeds,0,0,D,0,1,1,5,15,15,D,D,D,D,D,D,D,D,D,D,3,20,17,DDDDD,DDDDD,5,5,0,0,0,0,0,0,0,0,-1,-4,0,0,-17
False,2021-12-18,Aston Villa,Burnley,0,0,D,2,1,3,2,16,16,D,D,D,D,D,D,D,D,D,D,20,16,18,DDDDD,DDDDD,5,5,0,0,0,0,0,0,0,0,-1,-1,0,0,4
False,2021-12-18,Everton,Leicester,0,0,D,3,1,1,0,19,19,D,D,D,D,D,D,D,D,D,D,7,12,18,DDDDD,DDDDD,5,5,0,0,0,0,0,0,0,0,2,1,0,0,-5
False,2021-12-18,Leeds,Arsenal,0,0,D,1,0,5,2,16,16,D,D,D,D,D,D,D,D,D,D,20,5,18,DDDDD,DDDDD,5,5,0,0,0,0,0,0,0,0,-4,-2,0,0,15
False,2021-12-18,Man United,Brighton,0,0,D,5,2,1,1,19,19,D,D,D,D,D,D,D,D,D,D,6,20,18,DDDDD,DDDDD,5,5,0,0,0,0,0,0,0,0,4,1,0,0,-14
False,2021-12-18,Newcastle,Man City,0,0,D,2,0,4,1,16,16,D,D,D,D,D,D,D,D,D,D,20,3,18,DDDDD,DDDDD,5,5,0,0,0,0,0,0,0,0,-2,-1,0,0,17
False,2021-12-18,Southampton,Brentford,0,0,D,1,2,3,0,16,19,D,D,D,D,D,D,D,D,D,D,8,20,18,DDDDD,DDDDD,5,5,0,0,0,0,0,0,0,0,-2,2,-3,0,-12
False,2021-12-18,Tottenham,Liverpool,0,0,D,1,3,0,0,19,19,D,D,D,D,D,D,D,D,D,D,2,4,18,DDDDD,DDDDD,5,5,0,0,0,0,0,0,0,0,1,3,0,0,-2
False,2021-12-18,Watford,Crystal Palace,0,0,D,3,0,2,3,19,16,D,D,D,D,D,D,D,D,D,D,17,14,18,DDDDD,DDDDD,5,5,0,0,0,0,0,0,0,0,1,-3,3,0,3
False,2021-12-18,West Ham,Norwich,0,0,D,4,0,2,3,19,16,D,D,D,D,D,D,D,D,D,D,11,20,18,DDDDD,DDDDD,5,5,0,0,0,0,0,0,0,0,2,-3,3,0,-9
False,2021-12-18,Wolves,Chelsea,0,0,D,0,3,1,0,16,19,D,D,D,D,D,D,D,D,D,D,20,1,18,DDDDD,DDDDD,5,5,0,0,0,0,0,0,0,0,-1,3,-3,0,19
False,2021-12-26,Aston Villa,Chelsea,0,0,D,2,3,3,0,17,20,D,D,D,D,D,D,D,D,D,D,20,1,19,DDDDD,DDDDD,5,5,0,0,0,0,0,0,0,0,-1,3,-3,0,19
False,2021-12-26,Brighton,Brentford,0,0,D,2,2,1,0,20,20,D,D,D,D,D,D,D,D,D,D,20,20,19,DDDDD,DDDDD,5,5,0,0,0,0,0,0,0,0,1,2,0,0,0
False,2021-12-26,Burnley,Everton,0,0,D,1,3,2,1,17,20,D,D,D,D,D,D,D,D,D,D,16,7,19,DDDDD,DDDDD,5,5,0,0,0,0,0,0,0,0,-1,2,-3,0,9
False,2021-12-26,Liverpool,Leeds,0,0,D,3,1,0,5,20,17,D,D,D,D,D,D,D,D,D,D,4,20,19,DDDDD,DDDDD,5,5,0,0,0,0,0,0,0,0,3,-4,3,0,-16
False,2021-12-26,Man City,Leicester,0,0,D,0,1,1,0,17,20,D,D,D,D,D,D,D,D,D,D,3,12,19,DDDDD,DDDDD,5,5,0,0,0,0,0,0,0,0,-1,1,-3,0,-9
False,2021-12-26,Newcastle,Man United,0,0,D,2,5,4,1,17,20,D,D,D,D,D,D,D,D,D,D,20,6,19,DDDDD,DDDDD,5,5,0,0,0,0,0,0,0,0,-2,4,-3,0,14
False,2021-12-26,Norwich,Arsenal,0,0,D,0,0,3,2,17,17,D,D,D,D,D,D,D,D,D,D,20,5,19,DDDDD,DDDDD,5,5,0,0,0,0,0,0,0,0,-3,-2,0,0,15
False,2021-12-26,Tottenham,Crystal Palace,0,0,D,1,0,0,3,20,17,D,D,D,D,D,D,D,D,D,D,2,14,19,DDDDD,DDDDD,5,5,0,0,0,0,0,0,0,0,1,-3,3,0,-12
False,2021-12-26,West Ham,Southampton,0,0,D,4,1,2,3,20,17,D,D,D,D,D,D,D,D,D,D,11,8,19,DDDDD,DDDDD,5,5,0,0,0,0,0,0,0,0,2,-2,3,0,3
False,2021-12-26,Wolves,Watford,0,0,D,0,3,1,2,17,20,D,D,D,D,D,D,D,D,D,D,20,17,19,DDDDD,DDDDD,5,5,0,0,0,0,0,0,0,0,-1,1,-3,0,3
False,2021-12-28,Arsenal,Wolves,0,0,D,0,0,2,1,18,18,D,D,D,D,D,D,D,D,D,D,5,20,20,DDDDD,DDDDD,5,5,0,0,0,0,0,0,0,0,-2,-1,0,0,-15
False,2021-12-28,Brentford,Man City,0,0,D,2,0,0,1,21,18,D,D,D,D,D,D,D,D,D,D,20,3,20,DDDDD,DDDDD,5,5,0,0,0,0,0,0,0,0,2,-1,3,0,17
False,2021-12-28,Chelsea,Brighton,0,0,D,3,2,0,1,21,21,D,D,D,D,D,D,D,D,D,D,1,20,20,DDDDD,DDDDD,5,5,0,0,0,0,0,0,0,0,3,1,0,0,-19
False,2021-12-28,Crystal Palace,Norwich,0,0,D,0,0,3,3,18,18,D,D,D,D,D,D,D,D,D,D,14,20,20,DDDDD,DDDDD,5,5,0,0,0,0,0,0,0,0,-3,-3,0,0,-6
False,2021-12-28,Everton,Newcastle,0,0,D,3,2,1,4,21,18,D,D,D,D,D,D,D,D,D,D,7,20,20,DDDDD,DDDDD,5,5,0,0,0,0,0,0,0,0,2,-2,3,0,-13
False,2021-12-28,Leeds,Aston Villa,0,0,D,1,2,5,3,18,18,D,D,D,D,D,D,D,D,D,D,20,20,20,DDDDD,DDDDD,5,5,0,0,0,0,0,0,0,0,-4,-1,0,0,0
False,2021-12-28,Leicester,Liverpool,0,0,D,1,3,0,0,21,21,D,D,D,D,D,D,D,D,D,D,12,4,20,DDDDD,DDDDD,5,5,0,0,0,0,0,0,0,0,1,3,0,0,8
False,2021-12-28,Man United,Burnley,0,0,D,5,1,1,2,21,18,D,D,D,D,D,D,D,D,D,D,6,16,20,DDDDD,DDDDD,5,5,0,0,0,0,0,0,0,0,4,-1,3,0,-10
False,2021-12-28,Southampton,Tottenham,0,0,D,1,1,3,0,18,21,D,D,D,D,D,D,D,D,D,D,8,2,20,DDDDD,DDDDD,5,5,0,0,0,0,0,0,0,0,-2,1,-3,0,6
False,2021-12-28,Watford,West Ham,0,0,D,3,4,2,2,21,21,D,D,D,D,D,D,D,D,D,D,17,11,20,DDDDD,DDDDD,5,5,0,0,0,0,0,0,0,0,1,2,0,0,6
False,2022-01-01,Arsenal,Man City,0,0,D,0,0,2,1,19,19,D,D,D,D,D,D,D,D,D,D,5,3,21,DDDDD,DDDDD,5,5,0,0,0,0,0,0,0,0,-2,-1,0,0,2
False,2022-01-01,Brentford,Aston Villa,0,0,D,2,2,0,3,22,19,D,D,D,D,D,D,D,D,D,D,20,20,21,DDDDD,DDDDD,5,5,0,0,0,0,0,0,0,0,2,-1,3,0,0
False,2022-01-01,Chelsea,Liverpool,0,0,D,3,3,0,0,22,22,D,D,D,D,D,D,D,D,D,D,1,4,21,DDDDD,DDDDD,5,5,0,0,0,0,0,0,0,0,3,3,0,0,-3
False,2022-01-01,Crystal Palace,West Ham,0,0,D,0,4,3,2,19,22,D,D,D,D,D,D,D,D,D,D,14,11,21,DDDDD,DDDDD,5,5,0,0,0,0,0,0,0,0,-3,2,-3,0,3
False,2022-01-01,Everton,Brighton,0,0,D,3,2,1,1,22,22,D,D,D,D,D,D,D,D,D,D,7,20,21,DDDDD,DDDDD,5,5,0,0,0,0,0,0,0,0,2,1,0,0,-13
False,2022-01-01,Leeds,Burnley,0,0,D,1,1,5,2,19,19,D,D,D,D,D,D,D,D,D,D,20,16,21,DDDDD,DDDDD,5,5,0,0,0,0,0,0,0,0,-4,-1,0,0,4
False,2022-01-01,Leicester,Norwich,0,0,D,1,0,0,3,22,19,D,D,D,D,D,D,D,D,D,D,12,20,21,DDDDD,DDDDD,5,5,0,0,0,0,0,0,0,0,1,-3,3,0,-8
False,2022-01-01,Man United,Wolves,0,0,D,5,0,1,1,22,19,D,D,D,D,D,D,D,D,D,D,6,20,21,DDDDD,DDDDD,5,5,0,0,0,0,0,0,0,0,4,-1,3,0,-14
False,2022-01-01,Southampton,Newcastle,0,0,D,1,2,3,4,19,19,D,D,D,D,D,D,D,D,D,D,8,20,21,DDDDD,DDDDD,5,5,0,0,0,0,0,0,0,0,-2,-2,0,0,-12
False,2022-01-01,Watford,Tottenham,0,0,D,3,1,2,0,22,22,D,D,D,D,D,D,D,D,D,D,17,2,21,DDDDD,DDDDD,5,5,0,0,0,0,0,0,0,0,1,1,0,0,15
False,2022-01-15,Aston Villa,Man United,0,0,D,2,5,3,1,20,23,D,D,D,D,D,D,D,D,D,D,20,6,22,DDDDD,DDDDD,5,5,0,0,0,0,0,0,0,0,-1,4,-3,0,14
False,2022-01-15,Brighton,Crystal Palace,0,0,D,2,0,1,3,23,20,D,D,D,D,D,D,D,D,D,D,20,14,22,DDDDD,DDDDD,5,5,0,0,0,0,0,0,0,0,1,-3,3,0,6
False,2022-01-15,Burnley,Leicester,0,0,D,1,1,2,0,20,23,D,D,D,D,D,D,D,D,D,D,16,12,22,DDDDD,DDDDD,5,5,0,0,0,0,0,0,0,0,-1,1,-3,0,4
False,2022-01-15,Liverpool,Brentford,0,0,D,3,2,0,0,23,23,D,D,D,D,D,D,D,D,D,D,4,20,22,DDDDD,DDDDD,5,5,0,0,0,0,0,0,0,0,3,2,0,0,-16
False,2022-01-15,Man City,Chelsea,0,0,D,0,3,1,0,20,23,D,D,D,D,D,D,D,D,D,D,3,1,22,DDDDD,DDDDD,5,5,0,0,0,0,0,0,0,0,-1,3,-3,0,2
False,2022-01-15,Newcastle,Watford,0,0,D,2,3,4,2,20,23,D,D,D,D,D,D,D,D,D,D,20,17,22,DDDDD,DDDDD,5,5,0,0,0,0,0,0,0,0,-2,1,-3,0,3
False,2022-01-15,Norwich,Everton,0,0,D,0,3,3,1,20,23,D,D,D,D,D,D,D,D,D,D,20,7,22,DDDDD,DDDDD,5,5,0,0,0,0,0,0,0,0,-3,2,-3,0,13
False,2022-01-15,Tottenham,Arsenal,0,0,D,1,0,0,2,23,20,D,D,D,D,D,D,D,D,D,D,2,5,22,DDDDD,DDDDD,5,5,0,0,0,0,0,0,0,0,1,-2,3,0,-3
False,2022-01-15,West Ham,Leeds,0,0,D,4,1,2,5,23,20,D,D,D,D,D,D,D,D,D,D,11,20,22,DDDDD,DDDDD,5,5,0,0,0,0,0,0,0,0,2,-4,3,0,-9
False,2022-01-15,Wolves,Southampton,0,0,D,0,1,1,3,20,20,D,D,D,D,D,D,D,D,D,D,20,8,22,DDDDD,DDDDD,5,5,0,0,0,0,0,0,0,0,-1,-2,0,0,12
False,2022-01-22,Arsenal,Burnley,0,0,D,0,1,2,2,21,21,D,D,D,D,D,D,D,D,D,D,5,16,23,DDDDD,DDDDD,5,5,0,0,0,0,0,0,0,0,-2,-1,0,0,-11
False,2022-01-22,Brentford,Wolves,0,0,D,2,0,0,1,24,21,D,D,D,D,D,D,D,D,D,D,20,20,23,DDDDD,DDDDD,5,5,0,0,0,0,0,0,0,0,2,-1,3,0,0
False,2022-01-22,Chelsea,Tottenham,0,0,D,3,1,0,0,24,24,D,D,D,D,D,D,D,D,D,D,1,2,23,DDDDD,DDDDD,5,5,0,0,0,0,0,0,0,0,3,1,0,0,-1
False,2022-01-22,Crystal Palace,Liverpool,0,0,D,0,3,3,0,21,24,D,D,D,D,D,D,D,D,D,D,14,4,23,DDDDD,DDDDD,5,5,0,0,0,0,0,0,0,0,-3,3,-3,0,10
False,2022-01-22,Everton,Aston Villa,0,0,D,3,2,1,3,24,21,D,D,D,D,D,D,D,D,D,D,7,20,23,DDDDD,DDDDD,5,5,0,0,0,0,0,0,0,0,2,-1,3,0,-13
False,2022-01-22,Leeds,Newcastle,0,0,D,1,2,5,4,21,21,D,D,D,D,D,D,D,D,D,D,20,20,23,DDDDD,DDDDD,5,5,0,0,0,0,0,0,0,0,-4,-2,0,0,0
False,2022-01-22,Leicester,Brighton,0,0,D,1,2,0,1,24,24,D,D,D,D,D,D,D,D,D,D,12,20,23,DDDDD,DDDDD,5,5,0,0,0,0,0,0,0,0,1,1,0,0,-8
False,2022-01-22,Man United,West Ham,0,0,D,5,4,1,2,24,24,D,D,D,D,D,D,D,D,D,D,6,11,23,DDDDD,DDDDD,5,5,0,0,0,0,0,0,0,0,4,2,0,0,-5
False,2022-01-22,Southampton,Man City,0,0,D,1,0,3,1,21,21,D,D,D,D,D,D,D,D,D,D,8,3,23,DDDDD,DDDDD,5,5,0,0,0,0,0,0,0,0,-2,-1,0,0,5
False,2022-01-22,Watford,Norwich,0,0,D,3,0,2,3,24,21,D,D,D,D,D,D,D,D,D,D,17,20,23,DDDDD,DDDDD,5,5,0,0,0,0,0,0,0,0,1,-3,3,0,-3
False,2022-02-08,Aston Villa,Leeds,0,0,D,2,1,3,5,22,22,D,D,D,D,D,D,D,D,D,D,20,20,24,DDDDD,DDDDD,5,5,0,0,0,0,0,0,0,0,-1,-4,0,0,0
False,2022-02-08,Brighton,Chelsea,0,0,D,2,3,1,0,25,25,D,D,D,D,D,D,D,D,D,D,20,1,24,DDDDD,DDDDD,5,5,0,0,0,0,0,0,0,0,1,3,0,0,19
False,2022-02-08,Burnley,Man United,0,0,D,1,5,2,1,22,25,D,D,D,D,D,D,D,D,D,D,16,6,24,DDDDD,DDDDD,5,5,0,0,0,0,0,0,0,0,-1,4,-3,0,10
False,2022-02-08,Norwich,Crystal Palace,0,0,D,0,0,3,3,22,22,D,D,D,D,D,D,D,D,D,D,20,14,24,DDDDD,DDDDD,5,5,0,0,0,0,0,0,0,0,-3,-3,0,0,6
False,2022-02-08,West Ham,Watford,0,0,D,4,3,2,2,25,25,D,D,D,D,D,D,D,D,D,D,11,17,24,DDDDD,DDDDD,5,5,0,0,0,0,0,0,0,0,2,1,0,0,-6
False,2022-02-08,Wolves,Arsenal,0,0,D,0,0,1,2,22,22,D,D,D,D,D,D,D,D,D,D,20,5,24,DDDDD,DDDDD,5,5,0,0,0,0,0,0,0,0,-1,-2,0,0,15
False,2022-02-09,Newcastle,Everton,0,0,D,2,3,4,1,22,25,D,D,D,D,D,D,D,D,D,D,20,7,24,DDDDD,DDDDD,5,5,0,0,0,0,0,0,0,0,-2,2,-3,0,13
False,2022-02-09,Tottenham,Southampton,0,0,D,1,1,0,3,25,22,D,D,D,D,D,D,D,D,D,D,2,8,24,DDDDD,DDDDD,5,5,0,0,0,0,0,0,0,0,1,-2,3,0,-6
False,2022-02-09,Liverpool,Leicester,0,0,D,3,1,0,0,25,25,D,D,D,D,D,D,D,D,D,D,4,12,24,DDDDD,DDDDD,5,5,0,0,0,0,0,0,0,0,3,1,0,0,-8
False,2022-02-09,Man City,Brentford,0,0,D,0,2,1,0,22,25,D,D,D,D,D,D,D,D,D,D,3,20,24,DDDDD,DDDDD,5,5,0,0,0,0,0,0,0,0,-1,2,-3,0,-17
False,2022-02-12,Brentford,Crystal Palace,0,0,D,2,0,0,3,26,23,D,D,D,D,D,D,D,D,D,D,20,14,25,DDDDD,DDDDD,5,5,0,0,0,0,0,0,0,0,2,-3,3,0,6
False,2022-02-12,Burnley,Liverpool,0,0,D,1,3,2,0,23,26,D,D,D,D,D,D,D,D,D,D,16,4,25,DDDDD,DDDDD,5,5,0,0,0,0,0,0,0,0,-1,3,-3,0,12
False,2022-02-12,Chelsea,Arsenal,0,0,D,3,0,0,2,26,23,D,D,D,D,D,D,D,D,D,D,1,5,25,DDDDD,DDDDD,5,5,0,0,0,0,0,0,0,0,3,-2,3,0,-4
False,2022-02-12,Everton,Leeds,0,0,D,3,1,1,5,26,23,D,D,D,D,D,D,D,D,D,D,7,20,25,DDDDD,DDDDD,5,5,0,0,0,0,0,0,0,0,2,-4,3,0,-13
False,2022-02-12,Leicester,West Ham,0,0,D,1,4,0,2,26,26,D,D,D,D,D,D,D,D,D,D,12,11,25,DDDDD,DDDDD,5,5,0,0,0,0,0,0,0,0,1,2,0,0,1
False,2022-02-12,Man United,Southampton,0,0,D,5,1,1,3,26,23,D,D,D,D,D,D,D,D,D,D,6,8,25,DDDDD,DDDDD,5,5,0,0,0,0,0,0,0,0,4,-2,3,0,-2
False,2022-02-12,Newcastle,Aston Villa,0,0,D,2,2,4,3,23,23,D,D,D,D,D,D,D,D,D,D,20,20,25,DDDDD,DDDDD,5,5,0,0,0,0,0,0,0,0,-2,-1,0,0,0
False,2022-02-12,Norwich,Man City,0,0,D,0,0,3,1,23,23,D,D,D,D,D,D,D,D,D,D,20,3,25,DDDDD,DDDDD,5,5,0,0,0,0,0,0,0,0,-3,-1,0,0,17
False,2022-02-12,Tottenham,Wolves,0,0,D,1,0,0,1,26,23,D,D,D,D,D,D,D,D,D,D,2,20,25,DDDDD,DDDDD,5,5,0,0,0,0,0,0,0,0,1,-1,3,0,-18
False,2022-02-12,Watford,Brighton,0,0,D,3,2,2,1,26,26,D,D,D,D,D,D,D,D,D,D,17,20,25,DDDDD,DDDDD,5,5,0,0,0,0,0,0,0,0,1,1,0,0,-3
False,2022-02-19,Arsenal,Brentford,0,0,D,0,2,2,0,24,27,D,D,D,D,D,D,D,D,D,D,5,20,26,DDDDD,DDDDD,5,5,0,0,0,0,0,0,0,0,-2,2,-3,0,-15
False,2022-02-19,Aston Villa,Watford,0,0,D,2,3,3,2,24,27,D,D,D,D,D,D,D,D,D,D,20,17,26,DDDDD,DDDDD,5,5,0,0,0,0,0,0,0,0,-1,1,-3,0,3
False,2022-02-19,Brighton,Burnley,0,0,D,2,1,1,2,27,24,D,D,D,D,D,D,D,D,D,D,20,16,26,DDDDD,DDDDD,5,5,0,0,0,0,0,0,0,0,1,-1,3,0,4
False,2022-02-19,Crystal Palace,Chelsea,0,0,D,0,3,3,0,24,27,D,D,D,D,D,D,D,D,D,D,14,1,26,DDDDD,DDDDD,5,5,0,0,0,0,0,0,0,0,-3,3,-3,0,13
False,2022-02-19,Leeds,Man United,0,0,D,1,5,5,1,24,27,D,D,D,D,D,D,D,D,D,D,20,6,26,DDDDD,DDDDD,5,5,0,0,0,0,0,0,0,0,-4,4,-3,0,14
False,2022-02-19,Liverpool,Norwich,0,0,D,3,0,0,3,27,24,D,D,D,D,D,D,D,D,D,D,4,20,26,DDDDD,DDDDD,5,5,0,0,0,0,0,0,0,0,3,-3,3,0,-16
False,2022-02-19,Man City,Tottenham,0,0,D,0,1,1,0,24,27,D,D,D,D,D,D,D,D,D,D,3,2,26,DDDDD,DDDDD,5,5,0,0,0,0,0,0,0,0,-1,1,-3,0,1
False,2022-02-19,Southampton,Everton,0,0,D,1,3,3,1,24,27,D,D,D,D,D,D,D,D,D,D,8,7,26,DDDDD,DDDDD,5,5,0,0,0,0,0,0,0,0,-2,2,-3,0,1
False,2022-02-19,West Ham,Newcastle,0,0,D,4,2,2,4,27,24,D,D,D,D,D,D,D,D,D,D,11,20,26,DDDDD,DDDDD,5,5,0,0,0,0,0,0,0,0,2,-2,3,0,-9
False,2022-02-19,Wolves,Leicester,0,0,D,0,1,1,0,24,27,D,D,D,D,D,D,D,D,D,D,20,12,26,DDDDD,DDDDD,5,5,0,0,0,0,0,0,0,0,-1,1,-3,0,8
False,2022-02-26,Arsenal,Liverpool,0,0,D,0,3,2,0,25,28,D,D,D,D,D,D,D,D,D,D,5,4,27,DDDDD,DDDDD,5,5,0,0,0,0,0,0,0,0,-2,3,-3,0,1
False,2022-02-26,Brentford,Newcastle,0,0,D,2,2,0,4,28,25,D,D,D,D,D,D,D,D,D,D,20,20,27,DDDDD,DDDDD,5,5,0,0,0,0,0,0,0,0,2,-2,3,0,0
False,2022-02-26,Brighton,Aston Villa,0,0,D,2,2,1,3,28,25,D,D,D,D,D,D,D,D,D,D,20,20,27,DDDDD,DDDDD,5,5,0,0,0,0,0,0,0,0,1,-1,3,0,0
False,2022-02-26,Chelsea,Leicester,0,0,D,3,1,0,0,28,28,D,D,D,D,D,D,D,D,D,D,1,12,27,DDDDD,DDDDD,5,5,0,0,0,0,0,0,0,0,3,1,0,0,-11
False,2022-02-26,Crystal Palace,Burnley,0,0,D,0,1,3,2,25,25,D,D,D,D,D,D,D,D,D,D,14,16,27,DDDDD,DDDDD,5,5,0,0,0,0,0,0,0,0,-3,-1,0,0,-2
False,2022-02-26,Everton,Man City,0,0,D,3,0,1,1,28,25,D,D,D,D,D,D,D,D,D,D,7,3,27,DDDDD,DDDDD,5,5,0,0,0,0,0,0,0,0,2,-1,3,0,4
False,2022-02-26,Leeds,Tottenham,0,0,D,1,1,5,0,25,28,D,D,D,D,D,D,D,D,D,D,20,2,27,DDDDD,DDDDD,5,5,0,0,0,0,0,0,0,0,-4,1,-3,0,18
False,2022-02-26,Man United,Watford,0,0,D,5,3,1,2,28,28,D,D,D,D,D,D,D,D,D,D,6,17,27,DDDDD,DDDDD,5,5,0,0,0,0,0,0,0,0,4,1,0,0,-11
False,2022-02-26,Southampton,Norwich,0,0,D,1,0,3,3,25,25,D,D,D,D,D,D,D,D,D,D,8,20,27,DDDDD,DDDDD,5,5,0,0,0,0,0,0,0,0,-2,-3,0,0,-12
False,2022-02-26,West Ham,Wolves,0,0,D,4,0,2,1,28,25,D,D,D,D,D,D,D,D,D,D,11,20,27,DDDDD,DDDDD,5,5,0,0,0,0,0,0,0,0,2,-1,3,0,-9
False,2022-03-05,Aston Villa,Southampton,0,0,D,2,1,3,3,26,26,D,D,D,D,D,D,D,D,D,D,20,8,28,DDDDD,DDDDD,5,5,0,0,0,0,0,0,0,0,-1,-2,0,0,12
False,2022-03-05,Burnley,Chelsea,0,0,D,1,3,2,0,26,29,D,D,D,D,D,D,D,D,D,D,16,1,28,DDDDD,DDDDD,5,5,0,0,0,0,0,0,0,0,-1,3,-3,0,15
False,2022-03-05,Leicester,Leeds,0,0,D,1,1,0,5,29,26,D,D,D,D,D,D,D,D,D,D,12,20,28,DDDDD,DDDDD,5,5,0,0,0,0,0,0,0,0,1,-4,3,0,-8
False,2022-03-05,Liverpool,West Ham,0,0,D,3,4,0,2,29,29,D,D,D,D,D,D,D,D,D,D,4,11,28,DDDDD,DDDDD,5,5,0,0,0,0,0,0,0,0,3,2,0,0,-7
False,2022-03-05,Man City,Man United,0,0,D,0,5,1,1,26,29,D,D,D,D,D,D,D,D,D,D,3,6,28,DDDDD,DDDDD,5,5,0,0,0,0,0,0,0,0,-1,4,-3,0,-3
False,2022-03-05,Newcastle,Brighton,0,0,D,2,2,4,1,26,29,D,D,D,D,D,D,D,D,D,D,20,20,28,DDDDD,DDDDD,5,5,0,0,0,0,0,0,0,0,-2,1,-3,0,0
False,2022-03-05,Norwich,Brentford,0,0,D,0,2,3,0,26,29,D,D,D,D,D,D,D,D,D,D,20,20,28,DDDDD,DDDDD,5,5,0,0,0,0,0,0,0,0,-3,2,-3,0,0
False,2022-03-05,Tottenham,Everton,0,0,D,1,3,0,1,29,29,D,D,D,D,D,D,D,D,D,D,2,7,28,DDDDD,DDDDD,5,5,0,0,0,0,0,0,0,0,1,2,0,0,-5
False,2022-03-05,Watford,Arsenal,0,0,D,3,0,2,2,29,26,D,D,D,D,D,D,D,D,D,D,17,5,28,DDDDD,DDDDD,5,5,0,0,0,0,0,0,0,0,1,-2,3,0,12
False,2022-03-05,Wolves,Crystal Palace,0,0,D,0,0,1,3,26,26,D,D,D,D,D,D,D,D,D,D,20,14,28,DDDDD,DDDDD,5,5,0,0,0,0,0,0,0,0,-1,-3,0,0,6
False,2022-03-12,Arsenal,Leicester,0,0,D,0,1,2,0,27,30,D,D,D,D,D,D,D,D,D,D,5,12,29,DDDDD,DDDDD,5,5,0,0,0,0,0,0,0,0,-2,1,-3,0,-7
False,2022-03-12,Brentford,Burnley,0,0,D,2,1,0,2,30,27,D,D,D,D,D,D,D,D,D,D,20,16,29,DDDDD,DDDDD,5,5,0,0,0,0,0,0,0,0,2,-1,3,0,4
False,2022-03-12,Brighton,Liverpool,0,0,D,2,3,1,0,30,30,D,D,D,D,D,D,D,D,D,D,20,4,29,DDDDD,DDDDD,5,5,0,0,0,0,0,0,0,0,1,3,0,0,16
False,2022-03-12,Chelsea,Newcastle,0,0,D,3,2,0,4,30,27,D,D,D,D,D,D,D,D,D,D,1,20,29,DDDDD,DDDDD,5,5,0,0,0,0,0,0,0,0,3,-2,3,0,-19
False,2022-03-12,Crystal Palace,Man City,0,0,D,0,0,3,1,27,27,D,D,D,D,D,D,D,D,D,D,14,3,29,DDDDD,DDDDD,5,5,0,0,0,0,0,0,0,0,-3,-1,0,0,11
False,2022-03-12,Everton,Wolves,0,0,D,3,0,1,1,30,27,D,D,D,D,D,D,D,D,D,D,7,20,29,DDDDD,DDDDD,5,5,0,0,0,0,0,0,0,0,2,-1,3,0,-13
False,2022-03-12,Leeds,Norwich,0,0,D,1,0,5,3,27,27,D,D,D,D,D,D,D,D,D,D,20,20,29,DDDDD,DDDDD,5,5,0,0,0,0,0,0,0,0,-4,-3,0,0,0
False,2022-03-12,Man United,Tottenham,0,0,D,5,1,1,0,30,30,D,D,D,D,D,D,D,D,D,D,6,2,29,DDDDD,DDDDD,5,5,0,0,0,0,0,0,0,0,4,1,0,0,4
False,2022-03-12,Southampton,Watford,0,0,D,1,3,3,2,27,30,D,D,D,D,D,D,D,D,D,D,8,17,29,DDDDD,DDDDD,5,5,0,0,0,0,0,0,0,0,-2,1,-3,0,-9
False,2022-03-12,West Ham,Aston Villa,0,0,D,4,2,2,3,30,27,D,D,D,D,D,D,D,D,D,D,11,20,29,DDDDD,DDDDD,5,5,0,0,0,0,0,0,0,0,2,-1,3,0,-9
False,2022-03-19,Aston Villa,Arsenal,0,0,D,2,0,3,2,28,28,D,D,D,D,D,D,D,D,D,D,20,5,30,DDDDD,DDDDD,5,5,0,0,0,0,0,0,0,0,-1,-2,0,0,15
False,2022-03-19,Burnley,Southampton,0,0,D,1,1,2,3,28,28,D,D,D,D,D,D,D,D,D,D,16,8,30,DDDDD,DDDDD,5,5,0,0,0,0,0,0,0,0,-1,-2,0,0,8
False,2022-03-19,Leicester,Brentford,0,0,D,1,2,0,0,31,31,D,D,D,D,D,D,D,D,D,D,12,20,30,DDDDD,DDDDD,5,5,0,0,0,0,0,0,0,0,1,2,0,0,-8
False,2022-03-19,Liverpool,Man United,0,0,D,3,5,0,1,31,31,D,D,D,D,D,D,D,D,D,D,4,6,30,DDDDD,DDDDD,5,5,0,0,0,0,0,0,0,0,3,4,0,0,-2
False,2022-03-19,Man City,Brighton,0,0,D,0,2,1,1,28,31,D,D,D,D,D,D,D,D,D,D,3,20,30,DDDDD,DDDDD,5,5,0,0,0,0,0,0,0,0,-1,1,-3,0,-17
False,2022-03-19,Newcastle,Crystal Palace,0,0,D,2,0,4,3,28,28,D,D,D,D,D,D,D,D,D,D,20,14,30,DDDDD,DDDDD,5,5,0,0,0,0,0,0,0,0,-2,-3,0,0,6
False,2022-03-19,Norwich,Chelsea,0,0,D,0,3,3,0,28,31,D,D,D,D,D,D,D,D,D,D,20,1,30,DDDDD,DDDDD,5,5,0,0,0,0,0,0,0,0,-3,3,-3,0,19
False,2022-03-19,Tottenham,West Ham,0,0,D,1,4,0,2,31,31,D,D,D,D,D,D,D,D,D,D,2,11,30,DDDDD,DDDDD,5,5,0,0,0,0,0,0,0,0,1,2,0,0,-9
False,2022-03-19,Watford,Everton,0,0,D,3,3,2,1,31,31,D,D,D,D,D,D,D,D,D,D,17,7,30,DDDDD,DDDDD,5,5,0,0,0,0,0,0,0,0,1,2,0,0,10
False,2022-03-19,Wolves,Leeds,0,0,D,0,1,1,5,28,28,D,D,D,D,D,D,D,D,D,D,20,20,30,DDDDD,DDDDD,5,5,0,0,0,0,0,0,0,0,-1,-4,0,0,0
False,2022-04-02,Brighton,Norwich,0,0,D,2,0,1,3,32,29,D,D,D,D,D,D,D,D,D,D,20,20,31,DDDDD,DDDDD,5,5,0,0,0,0,0,0,0,0,1,-3,3,0,0
False,2022-04-02,Burnley,Man City,0,0,D,1,0,2,1,29,29,D,D,D,D,D,D,D,D,D,D,16,3,31,DDDDD,DDDDD,5,5,0,0,0,0,0,0,0,0,-1,-1,0,0,13
False,2022-04-02,Chelsea,Brentford,0,0,D,3,2,0,0,32,32,D,D,D,D,D,D,D,D,D,D,1,20,31,DDDDD,DDDDD,5,5,0,0,0,0,0,0,0,0,3,2,0,0,-19
False,2022-04-02,Crystal Palace,Arsenal,0,0,D,0,0,3,2,29,29,D,D,D,D,D,D,D,D,D,D,14,5,31,DDDDD,DDDDD,5,5,0,0,0,0,0,0,0,0,-3,-2,0,0,9
False,2022-04-02,Leeds,Southampton,0,0,D,1,1,5,3,29,29,D,D,D,D,D,D,D,D,D,D,20,8,31,DDDDD,DDDDD,5,5,0,0,0,0,0,0,0,0,-4,-2,0,0,12
False,2022-04-02,Liverpool,Watford,0,0,D,3,3,0,2,32,32,D,D,D,D,D,D,D,D,D,D,4,17,31,DDDDD,DDDDD,5,5,0,0,0,0,0,0,0,0,3,1,0,0,-13
False,2022-04-02,Man United,Leicester,0,0,D,5,1,1,0,32,32,D,D,D,D,D,D,D,D,D,D,6,12,31,DDDDD,DDDDD,5,5,0,0,0,0,0,0,0,0,4,1,0,0,-6
False,2022-04-02,Tottenham,Newcastle,0,0,D,1,2,0,4,32,29,D,D,D,D,D,D,D,D,D,D,2,20,31,DDDDD,DDDDD,5,5,0,0,0,0,0,0,0,0,1,-2,3,0,-18
False,2022-04-02,West Ham,Everton,0,0,D,4,3,2,1,32,32,D,D,D,D,D,D,D,D,D,D,11,7,31,DDDDD,DDDDD,5,5,0,0,0,0,0,0,0,0,2,2,0,0,4
False,2022-04-02,Wolves,Aston Villa,0,0,D,0,2,1,3,29,29,D,D,D,D,D,D,D,D,D,D,20,20,31,DDDDD,DDDDD,5,5,0,0,0,0,0,0,0,0,-1,-1,0,0,0
False,2022-04-09,Arsenal,Brighton,0,0,D,0,2,2,1,30,33,D,D,D,D,D,D,D,D,D,D,5,20,32,DDDDD,DDDDD,5,5,0,0,0,0,0,0,0,0,-2,1,-3,0,-15
False,2022-04-09,Aston Villa,Tottenham,0,0,D,2,1,3,0,30,33,D,D,D,D,D,D,D,D,D,D,20,2,32,DDDDD,DDDDD,5,5,0,0,0,0,0,0,0,0,-1,1,-3,0,18
False,2022-04-09,Brentford,West Ham,0,0,D,2,4,0,2,33,33,D,D,D,D,D,D,D,D,D,D,20,11,32,DDDDD,DDDDD,5,5,0,0,0,0,0,0,0,0,2,2,0,0,9
False,2022-04-09,Everton,Man United,0,0,D,3,5,1,1,33,33,D,D,D,D,D,D,D,D,D,D,7,6,32,DDDDD,DDDDD,5,5,0,0,0,0,0,0,0,0,2,4,0,0,1
False,2022-04-09,Leicester,Crystal Palace,0,0,D,1,0,0,3,33,30,D,D,D,D,D,D,D,D,D,D,12,14,32,DDDDD,DDDDD,5,5,0,0,0,0,0,0,0,0,1,-3,3,0,-2
False,2022-04-09,Man City,Liverpool,0,0,D,0,3,1,0,30,33,D,D,D,D,D,D,D,D,D,D,3,4,32,DDDDD,DDDDD,5,5,0,0,0,0,0,0,0,0,-1,3,-3,0,-1
False,2022-04-09,Newcastle,Wolves,0,0,D,2,0,4,1,30,30,D,D,D,D,D,D,D,D,D,D,20,20,32,DDDDD,DDDDD,5,5,0,0,0,0,0,0,0,0,-2,-1,0,0,0
False,2022-04-09,Norwich,Burnley,0,0,D,0,1,3,2,30,30,D,D,D,D,D,D,D,D,D,D,20,16,32,DDDDD,DDDDD,5,5,0,0,0,0,0,0,0,0,-3,-1,0,0,4
False,2022-04-09,Southampton,Chelsea,0,0,D,1,3,3,0,30,33,D,D,D,D,D,D,D,D,D,D,8,1,32,DDDDD,DDDDD,5,5,0,0,0,0,0,0,0,0,-2,3,-3,0,7
False,2022-04-09,Watford,Leeds,0,0,D,3,1,2,5,33,30,D,D,D,D,D,D,D,D,D,D,17,20,32,DDDDD,DDDDD,5,5,0,0,0,0,0,0,0,0,1,-4,3,0,-3
False,2022-04-16,Aston Villa,Liverpool,0,0,D,2,3,3,0,31,34,D,D,D,D,D,D,D,D,D,D,20,4,33,DDDDD,DDDDD,5,5,0,0,0,0,0,0,0,0,-1,3,-3,0,16
False,2022-04-16,Everton,Crystal Palace,0,0,D,3,0,1,3,34,31,D,D,D,D,D,D,D,D,D,D,7,14,33,DDDDD,DDDDD,5,5,0,0,0,0,0,0,0,0,2,-3,3,0,-7
False,2022-04-16,Leeds,Chelsea,0,0,D,1,3,5,0,31,34,D,D,D,D,D,D,D,D,D,D,20,1,33,DDDDD,DDDDD,5,5,0,0,0,0,0,0,0,0,-4,3,-3,0,19
False,2022-04-16,Man United,Norwich,0,0,D,5,0,1,3,34,31,D,D,D,D,D,D,D,D,D,D,6,20,33,DDDDD,DDDDD,5,5,0,0,0,0,0,0,0,0,4,-3,3,0,-14
False,2022-04-16,Newcastle,Leicester,0,0,D,2,1,4,0,31,34,D,D,D,D,D,D,D,D,D,D,20,12,33,DDDDD,DDDDD,5,5,0,0,0,0,0,0,0,0,-2,1,-3,0,8
False,2022-04-16,Southampton,Arsenal,0,0,D,1,0,3,2,31,31,D,D,D,D,D,D,D,D,D,D,8,5,33,DDDDD,DDDDD,5,5,0,0,0,0,0,0,0,0,-2,-2,0,0,3
False,2022-04-16,Tottenham,Brighton,0,0,D,1,2,0,1,34,34,D,D,D,D,D,D,D,D,D,D,2,20,33,DDDDD,DDDDD,5,5,0,0,0,0,0,0,0,0,1,1,0,0,-18
False,2022-04-16,Watford,Brentford,0,0,D,3,2,2,0,34,34,D,D,D,D,D,D,D,D,D,D,17,20,33,DDDDD,DDDDD,5,5,0,0,0,0,0,0,0,0,1,2,0,0,-3
False,2022-04-16,West Ham,Burnley,0,0,D,4,1,2,2,34,31,D,D,D,D,D,D,D,D,D,D,11,16,33,DDDDD,DDDDD,5,5,0,0,0,0,0,0,0,0,2,-1,3,0,-5
False,2022-04-16,Wolves,Man City,0,0,D,0,0,1,1,31,31,D,D,D,D,D,D,D,D,D,D,20,3,33,DDDDD,DDDDD,5,5,0,0,0,0,0,0,0,0,-1,-1,0,0,17
False,2022-04-23,Arsenal,Man United,0,0,D,0,5,2,1,32,35,D,D,D,D,D,D,D,D,D,D,5,6,34,DDDDD,DDDDD,5,5,0,0,0,0,0,0,0,0,-2,4,-3,0,-1
False,2022-04-23,Brentford,Tottenham,0,0,D,2,1,0,0,35,35,D,D,D,D,D,D,D,D,D,D,20,2,34,DDDDD,DDDDD,5,5,0,0,0,0,0,0,0,0,2,1,0,0,18
False,2022-04-23,Brighton,Southampton,0,0,D,2,1,1,3,35,32,D,D,D,D,D,D,D,D,D,D,20,8,34,DDDDD,DDDDD,5,5,0,0,0,0,0,0,0,0,1,-2,3,0,12
False,2022-04-23,Burnley,Wolves,0,0,D,1,0,2,1,32,32,D,D,D,D,D,D,D,D,D,D,16,20,34,DDDDD,DDDDD,5,5,0,0,0,0,0,0,0,0,-1,-1,0,0,-4
False,2022-04-23,Chelsea,West Ham,0,0,D,3,4,0,2,35,35,D,D,D,D,D,D,D,D,D,D,1,11,34,DDDDD,DDDDD,5,5,0,0,0,0,0,0,0,0,3,2,0,0,-10
False,2022-04-23,Crystal Palace,Leeds,0,0,D,0,1,3,5,32,32,D,D,D,D,D,D,D,D,D,D,14,20,34,DDDDD,DDDDD,5,5,0,0,0,0,0,0,0,0,-3,-4,0,0,-6
False,2022-04-23,Leicester,Aston Villa,0,0,D,1,2,0,3,35,32,D,D,D,D,D,D,D,D,D,D,12,20,34,DDDDD,DDDDD,5,5,0,0,0,0,0,0,0,0,1,-1,3,0,-8
False,2022-04-23,Liverpool,Everton,0,0,D,3,3,0,1,35,35,D,D,D,D,D,D,D,D,D,D,4,7,34,DDDDD,DDDDD,5,5,0,0,0,0,0,0,0,0,3,2,0,0,-3
False,2022-04-23,Man City,Watford,0,0,D,0,3,1,2,32,35,D,D,D,D,D,D,D,D,D,D,3,17,34,DDDDD,DDDDD,5,5,0,0,0,0,0,0,0,0,-1,1,-3,0,-14
False,2022-04-23,Norwich,Newcastle,0,0,D,0,2,3,4,32,32,D,D,D,D,D,D,D,D,D,D,20,20,34,DDDDD,DDDDD,5,5,0,0,0,0,0,0,0,0,-3,-2,0,0,0
False,2022-04-30,Aston Villa,Norwich,0,0,D,2,0,3,3,33,33,D,D,D,D,D,D,D,D,D,D,20,20,35,DDDDD,DDDDD,5,5,0,0,0,0,0,0,0,0,-1,-3,0,0,0
False,2022-04-30,Everton,Chelsea,0,0,D,3,3,1,0,36,36,D,D,D,D,D,D,D,D,D,D,7,1,35,DDDDD,DDDDD,5,5,0,0,0,0,0,0,0,0,2,3,0,0,6
False,2022-04-30,Leeds,Man City,0,0,D,1,0,5,1,33,33,D,D,D,D,D,D,D,D,D,D,20,3,35,DDDDD,DDDDD,5,5,0,0,0,0,0,0,0,0,-4,-1,0,0,17
False,2022-04-30,Man United,Brentford,0,0,D,5,2,1,0,36,36,D,D,D,D,D,D,D,D,D,D,6,20,35,DDDDD,DDDDD,5,5,0,0,0,0,0,0,0,0,4,2,0,0,-14
False,2022-04-30,Newcastle,Liverpool,0,0,D,2,3,4,0,33,36,D,D,D,D,D,D,D,D,D,D,20,4,35,DDDDD,DDDDD,5,5,0,0,0,0,0,0,0,0,-2,3,-3,0,16
False,2022-04-30,Southampton,Crystal Palace,0,0,D,1,0,3,3,33,33,D,D,D,D,D,D,D,D,D,D,8,14,35,DDDDD,DDDDD,5,5,0,0,0,0,0,0,0,0,-2,-3,0,0,-6
False,2022-04-30,Tottenham,Leicester,0,0,D,1,1,0,0,36,36,D,D,D,D,D,D,D,D,D,D,2,12,35,DDDDD,DDDDD,5,5,0,0,0,0,0,0,0,0,1,1,0,0,-10
False,2022-04-30,Watford,Burnley,0,0,D,3,1,2,2,36,33,D,D,D,D,D,D,D,D,D,D,17,16,35,DDDDD,DDDDD,5,5,0,0,0,0,0,0,0,0,1,-1,3,0,1
False,2022-04-30,West Ham,Arsenal,0,0,D,4,0,2,2,36,33,D,D,D,D,D,D,D,D,D,D,11,5,35,DDDDD,DDDDD,5,5,0,0,0,0,0,0,0,0,2,-2,3,0,6
False,2022-04-30,Wolves,Brighton,0,0,D,0,2,1,1,33,36,D,D,D,D,D,D,D,D,D,D,20,20,35,DDDDD,DDDDD,5,5,0,0,0,0,0,0,0,0,-1,1,-3,0,0
False,2022-05-07,Arsenal,Leeds,0,0,D,0,1,2,5,34,34,D,D,D,D,D,D,D,D,D,D,5,20,36,DDDDD,DDDDD,5,5,0,0,0,0,0,0,0,0,-2,-4,0,0,-15
False,2022-05-07,Brentford,Southampton,0,0,D,2,1,0,3,37,34,D,D,D,D,D,D,D,D,D,D,20,8,36,DDDDD,DDDDD,5,5,0,0,0,0,0,0,0,0,2,-2,3,0,12
False,2022-05-07,Brighton,Man United,0,0,D,2,5,1,1,37,37,D,D,D,D,D,D,D,D,D,D,20,6,36,DDDDD,DDDDD,5,5,0,0,0,0,0,0,0,0,1,4,0,0,14
False,2022-05-07,Burnley,Aston Villa,0,0,D,1,2,2,3,34,34,D,D,D,D,D,D,D,D,D,D,16,20,36,DDDDD,DDDDD,5,5,0,0,0,0,0,0,0,0,-1,-1,0,0,-4
False,2022-05-07,Chelsea,Wolves,0,0,D,3,0,0,1,37,34,D,D,D,D,D,D,D,D,D,D,1,20,36,DDDDD,DDDDD,5,5,0,0,0,0,0,0,0,0,3,-1,3,0,-19
False,2022-05-07,Crystal Palace,Watford,0,0,D,0,3,3,2,34,37,D,D,D,D,D,D,D,D,D,D,14,17,36,DDDDD,DDDDD,5,5,0,0,0,0,0,0,0,0,-3,1,-3,0,-3
False,2022-05-07,Leicester,Everton,0,0,D,1,3,0,1,37,37,D,D,D,D,D,D,D,D,D,D,12,7,36,DDDDD,DDDDD,5,5,0,0,0,0,0,0,0,0,1,2,0,0,5
False,2022-05-07,Liverpool,Tottenham,0,0,D,3,1,0,0,37,37,D,D,D,D,D,D,D,D,D,D,4,2,36,DDDDD,DDDDD,5,5,0,0,0,0,0,0,0,0,3,1,0,0,2
False,2022-05-07,Man City,Newcastle,0,0,D,0,2,1,4,34,34,D,D,D,D,D,D,D,D,D,D,3,20,36,DDDDD,DDDDD,5,5,0,0,0,0,0,0,0,0,-1,-2,0,0,-17
False,2022-05-07,Norwich,West Ham,0,0,D,0,4,3,2,34,37,D,D,D,D,D,D,D,D,D,D,20,11,36,DDDDD,DDDDD,5,5,0,0,0,0,0,0,0,0,-3,2,-3,0,9
False,2022-05-15,Aston Villa,Crystal Palace,0,0,D,2,0,3,3,35,35,D,D,D,D,D,D,D,D,D,D,20,14,37,DDDDD,DDDDD,5,5,0,0,0,0,0,0,0,0,-1,-3,0,0,6
False,2022-05-15,Everton,Brentford,0,0,D,3,2,1,0,38,38,D,D,D,D,D,D,D,D,D,D,7,20,37,DDDDD,DDDDD,5,5,0,0,0,0,0,0,0,0,2,2,0,0,-13
False,2022-05-15,Leeds,Brighton,0,0,D,1,2,5,1,35,38,D,D,D,D,D,D,D,D,D,D,20,20,37,DDDDD,DDDDD,5,5,0,0,0,0,0,0,0,0,-4,1,-3,0,0
False,2022-05-15,Man United,Chelsea,0,0,D,5,3,1,0,38,38,D,D,D,D,D,D,D,D,D,D,6,1,37,DDDDD,DDDDD,5,5,0,0,0,0,0,0,0,0,4,3,0,0,5
False,2022-05-15,Newcastle,Arsenal,0,0,D,2,0,4,2,35,35,D,D,D,D,D,D,D,D,D,D,20,5,37,DDDDD,DDDDD,5,5,0,0,0,0,0,0,0,0,-2,-2,0,0,15
False,2022-05-15,Southampton,Liverpool,0,0,D,1,3,3,0,35,38,D,D,D,D,D,D,D,D,D,D,8,4,37,DDDDD,DDDDD,5,5,0,0,0,0,0,0,0,0,-2,3,-3,0,4
False,2022-05-15,Tottenham,Burnley,0,0,D,1,1,0,2,38,35,D,D,D,D,D,D,D,D,D,D,2,16,37,DDDDD,DDDDD,5,5,0,0,0,0,0,0,0,0,1,-1,3,0,-14
False,2022-05-15,Watford,Leicester,0,0,D,3,1,2,0,38,38,D,D,D,D,D,D,D,D,D,D,17,12,37,DDDDD,DDDDD,5,5,0,0,0,0,0,0,0,0,1,1,0,0,5
False,2022-05-15,West Ham,Man City,0,0,D,4,0,2,1,38,35,D,D,D,D,D,D,D,D,D,D,11,3,37,DDDDD,DDDDD,5,5,0,0,0,0,0,0,0,0,2,-1,3,0,8
False,2022-05-15,Wolves,Norwich,0,0,D,0,0,1,3,35,35,D,D,D,D,D,D,D,D,D,D,20,20,37,DDDDD,DDDDD,5,5,0,0,0,0,0,0,0,0,-1,-3,0,0,0
False,2022-05-22,Arsenal,Everton,0,0,D,0,3,2,1,36,39,D,D,D,D,D,D,D,D,D,D,5,7,38,DDDDD,DDDDD,5,5,0,0,0,0,0,0,0,0,-2,2,-3,0,-2
False,2022-05-22,Brentford,Leeds,0,0,D,2,1,0,5,39,36,D,D,D,D,D,D,D,D,D,D,20,20,38,DDDDD,DDDDD,5,5,0,0,0,0,0,0,0,0,2,-4,3,0,0
False,2022-05-22,Brighton,West Ham,0,0,D,2,4,1,2,39,39,D,D,D,D,D,D,D,D,D,D,20,11,38,DDDDD,DDDDD,5,5,0,0,0,0,0,0,0,0,1,2,0,0,9
False,2022-05-22,Burnley,Newcastle,0,0,D,1,2,2,4,36,36,D,D,D,D,D,D,D,D,D,D,16,20,38,DDDDD,DDDDD,5,5,0,0,0,0,0,0,0,0,-1,-2,0,0,-4
False,2022-05-22,Chelsea,Watford,0,0,D,3,3,0,2,39,39,D,D,D,D,D,D,D,D,D,D,1,17,38,DDDDD,DDDDD,5,5,0,0,0,0,0,0,0,0,3,1,0,0,-16
False,2022-05-22,Crystal Palace,Man United,0,0,D,0,5,3,1,36,39,D,D,D,D,D,D,D,D,D,D,14,6,38,DDDDD,DDDDD,5,5,0,0,0,0,0,0,0,0,-3,4,-3,0,8
False,2022-05-22,Leicester,Southampton,0,0,D,1,1,0,3,39,36,D,D,D,D,D,D,D,D,D,D,12,8,38,DDDDD,DDDDD,5,5,0,0,0,0,0,0,0,0,1,-2,3,0,4
False,2022-05-22,Liverpool,Wolves,0,0,D,3,0,0,1,39,36,D,D,D,D,D,D,D,D,D,D,4,20,38,DDDDD,DDDDD,5,5,0,0,0,0,0,0,0,0,3,-1,3,0,-16
False,2022-05-22,Man City,Aston Villa,0,0,D,0,2,1,3,36,36,D,D,D,D,D,D,D,D,D,D,3,20,38,DDDDD,DDDDD,5,5,0,0,0,0,0,0,0,0,-1,-1,0,0,-17
False,2022-05-22,Norwich,Tottenham,0,0,D,0,1,3,0,36,39,D,D,D,D,D,D,D,D,D,D,20,2,38,DDDDD,DDDDD,5,5,0,0,0,0,0,0,0,0,-3,1,-3,0,18
